Product Name,Price,Date
CASIO,9195,2024-11-16 22:27:04
CASIO,9195,2024-11-16 22:27:45
CASIO,9195,2024-11-16 22:28:29
CASIO,9195,2024-11-16 23:51:08
CASIO,9195,2024-11-17 16:18:14
CASIO,9195,2024-11-17 16:31:53
CASIO,9195,2024-11-17 17:40:30
CASIO,9195,2024-11-17 18:37:24
CASIO,9195,2024-11-17 18:39:09
CASIO,9195,2024-11-17 18:41:29
CASIO,9195,2024-11-17 18:42:43
CASIO,9195,2024-11-17 18:43:23
CASIO,8367,2024-11-17 19:06:08
CASIO,9195,2024-11-24 03:30:52
CASIO,9195,2024-11-24 03:31:28
CASIO,9195,2024-11-24 03:41:33
CASIO,9195,2024-11-24 04:35:14
